qid,answer,time
test_0001,A,3.478672981262207
test_0002,D,191.86162161827087
test_0003,A,26.14170217514038
test_0004,B,62.209179162979126
test_0005,B,58.09660458564758
test_0006,H,60.534438610076904
